,metric,abundances
megahit_2059060,0.17741373300801674,547
megahit_2321539,0.17741373300801674,682
megahit_2490451,0.17741373300801674,100
megahit_1359610,0.1753224119902405,305
megahit_2203198,0.1753224119902405,722
megahit_3498916,0.1753224119902405,326
megahit_2516098,0.17445102823283373,151
megahit_684592,0.17445102823283373,122
megahit_731677,0.17445102823283373,214
megahit_1266385,0.17445102823283373,126
megahit_1485277,0.17445102823283373,358
megahit_2488381,0.17445102823283373,243
