,metric,abundances
V19,1.6666666666666665,6603
V16,1.3333333333333333,1012
V17,1.3333333333333333,62
V4,1.0,1239
