,metric,abundances
V12,1.6666666666666665,44
V29,1.6666666666666665,1
V14,1.6666666666666665,23
V15,1.6666666666666665,7
