,metric,abundances
V5,1.6666666666666665,20
V99,1.6666666666666665,3342
V51,1.6666666666666665,415
V86,1.6666666666666665,3
