,metric,abundances
V8,1.6666666666666665,1
V4,1.6666666666666665,4
V28,1.6666666666666665,1
V12,1.6666666666666665,6
