,metric,abundances
V8,1.4000000000000001,75
V4,1.2000000000000002,630
V39,1.2000000000000002,1
V9,1.2000000000000002,1
V2,1.2000000000000002,6
V14,0.6000000000000001,11816
