,metric,abundances
V73,1.6666666666666665,1
V92,1.6666666666666665,1
V6,1.6666666666666665,27
V51,1.6666666666666665,2287
