,metric,abundances
V74,1.3333333333333333,39
V49,1.3333333333333333,43
V96,1.0,46
V35,1.0,31
