,metric,abundances
V11,1.1428571428571428,12
V22,0.8571428571428571,5
V13,0.8571428571428571,52
V12,0.8571428571428571,13
V27,0.7142857142857142,335
V15,0.7142857142857142,1209
V26,0.7142857142857142,45
V17,0.7142857142857142,2
