,metric,abundances
V25,1.3333333333333333,3
V9,1.3333333333333333,2
V31,1.3333333333333333,3
V37,1.3333333333333333,3
V24,1.3333333333333333,2
V3,1.3333333333333333,3
V30,1.3333333333333333,7180
