,metric,abundances
V37,1.3333333333333333,1
V23,1.3333333333333333,1
V17,1.3333333333333333,39
V41,1.3333333333333333,1
V6,1.3333333333333333,1
V50,1.3333333333333333,1587
V48,1.3333333333333333,22
