,metric,abundances
V44,1.6666666666666665,324
V7,1.6666666666666665,170
V11,1.6666666666666665,1
V18,1.6666666666666665,1
