,metric,abundances
V29,1.6666666666666665,32
V19,1.3333333333333333,6807
V9,1.3333333333333333,33
V6,1.0,39
