,metric,abundances
megahit_184318,0.5593607305936072,296
megahit_1209995,0.5572407045009784,384
megahit_1200253,0.5539791258969341,1092
megahit_2863465,0.5520221787345074,283
megahit_2559955,0.5468036529680365,322
megahit_1022993,0.5458251793868232,583
megahit_656275,0.5458251793868232,11881
megahit_681418,0.5458251793868232,850
megahit_532249,0.5450097847358121,2354
megahit_51385,0.5446836268754076,5680
