,metric,abundances
V22,1.6666666666666665,798
V11,1.6666666666666665,12
V14,1.6666666666666665,4306
V7,1.6666666666666665,78
