,metric,abundances
V26,1.2857142857142856,8
V1,1.2857142857142856,112
V45,1.2857142857142856,4
V28,1.2857142857142856,39
V43,1.2857142857142856,2113
V41,1.2857142857142856,1
V34,1.2857142857142856,1
V39,1.2857142857142856,1
