,metric,abundances
V41,1.6666666666666665,207
V7,1.3333333333333333,3611
V47,1.3333333333333333,348
V35,1.0,5686
