,metric,abundances
V14,1.4000000000000001,1
V26,1.4000000000000001,1655
V36,1.4000000000000001,1
V6,1.4000000000000001,1
V33,1.4000000000000001,2
V11,1.4000000000000001,1
