,metric,abundances
V9,1.2000000000000002,157
V50,1.0,11911
V69,0.8,2
V76,0.8,8
V5,0.8,79
V58,0.6000000000000001,4
