,metric,abundances
V17,1.6666666666666665,9549
V1,1.3333333333333333,1
V34,1.3333333333333333,206
V6,1.0,33
