,metric,abundances
V30,1.4000000000000001,71
V9,1.4000000000000001,73
V24,1.4000000000000001,81
V37,1.4000000000000001,88
V25,1.2000000000000002,74
V40,1.2000000000000002,6404
