,metric,abundances
V25,1.1666666666666665,52
V30,1.0,46
V24,1.0,63
V37,1.0,58
V9,1.0,59
V50,0.6666666666666666,5764
V44,0.5,7398
