,metric,abundances
V32,0.9,268
V35,0.9,214
V24,0.8,159
V37,0.8,146
V9,0.8,151
V30,0.8,138
V25,0.8,134
V23,0.5,1346
V6,0.30000000000000004,374
V4,0.30000000000000004,4067
V8,0.30000000000000004,3036
