,metric,abundances
V37,1.4000000000000001,59
V30,1.4000000000000001,45
V24,1.4000000000000001,49
V25,1.4000000000000001,51
V13,1.4000000000000001,53
V9,1.4000000000000001,61
