,metric,abundances
V29,1.6666666666666665,102
V6,1.3333333333333333,91
V9,1.3333333333333333,91
V22,1.0,13107
