,metric,abundances
V8,1.0,1
V26,1.0,1250
V11,0.7142857142857142,117
V22,0.7142857142857142,7
V7,0.7142857142857142,4
V5,0.5714285714285714,37
V19,0.5714285714285714,8265
V15,0.42857142857142855,9946
