,metric,abundances
V28,1.1666666666666665,2
V5,1.0,518
V49,1.0,1209
V48,1.0,22
V15,0.8333333333333333,8248
V35,0.6666666666666666,548
V45,0.6666666666666666,501
