,metric,abundances
V33,1.4000000000000001,1
V11,1.4000000000000001,110
V36,1.4000000000000001,308
V28,1.4000000000000001,2085
V44,1.4000000000000001,58
V4,1.4000000000000001,2297
