,metric,abundances
V3,1.6666666666666665,43
V41,1.6666666666666665,224
V33,1.6666666666666665,4623
V29,1.6666666666666665,32
