,metric,abundances
V6,1.3333333333333333,2
V45,1.3333333333333333,75
V33,1.0,1963
V3,1.0,3966
