,metric,abundances
V40,1.1111111111111112,1031
V44,1.0,23
V4,1.0,2
V50,1.0,1
V35,1.0,9
V18,1.0,1
V5,1.0,2
V43,1.0,39
V6,0.4444444444444444,16
V32,0.3333333333333333,16251
