,metric,abundances
V50,1.6666666666666665,8251
V6,1.6666666666666665,4
V36,1.6666666666666665,1
V7,1.6666666666666665,1235
