,metric,abundances
V11,1.1666666666666665,2333
V41,1.1666666666666665,25
V38,1.1666666666666665,15
V6,1.1666666666666665,2
V43,1.1666666666666665,1
V14,1.0,5
V46,0.5,8870
