,metric,abundances
V22,1.6666666666666665,15
V13,1.3333333333333333,1035
V2,1.3333333333333333,1
V28,1.0,2
