,metric,abundances
V16,1.4000000000000001,14
V12,1.2000000000000002,2471
V28,1.2000000000000002,115
V20,1.2000000000000002,905
V22,1.2000000000000002,74
V9,0.6000000000000001,1
