,metric,abundances
V30,1.4000000000000001,59
V37,1.4000000000000001,56
V24,1.4000000000000001,48
V13,1.4000000000000001,70
V25,1.4000000000000001,54
V9,1.4000000000000001,55
