,metric,abundances
V8,1.3333333333333333,38
V7,1.3333333333333333,22
V14,1.0,593
V20,1.0,15882
