,metric,abundances
V60,1.6666666666666665,20
V38,1.3333333333333333,6
V18,1.3333333333333333,1192
V76,1.0,6
