,metric,abundances
V25,1.4000000000000001,110
V30,1.4000000000000001,120
V20,1.4000000000000001,1596
V37,1.4000000000000001,109
V24,1.4000000000000001,109
V9,1.4000000000000001,110
