,metric,abundances
V27,1.2857142857142856,335
V5,1.2857142857142856,253
V17,1.1428571428571428,167
V16,1.1428571428571428,173
V25,1.1428571428571428,142
V9,1.1428571428571428,169
V10,1.1428571428571428,152
V19,0.5714285714285714,4394
