,metric,abundances
V1,1.6666666666666665,232
V33,1.6666666666666665,3
V91,1.6666666666666665,1
V32,1.6666666666666665,4
