,metric,abundances
V15,1.6666666666666665,102
V12,1.3333333333333333,7761
V25,1.3333333333333333,3
V26,1.0,2479
