,metric,abundances
V43,1.6666666666666665,8
V47,1.6666666666666665,127
V8,1.6666666666666665,3904
V38,1.6666666666666665,62
