,metric,abundances
V43,1.4000000000000001,8
V38,1.2000000000000002,2
V8,1.2000000000000002,97
V44,1.2000000000000002,2
V12,1.2000000000000002,1
V27,0.6000000000000001,6
