,metric,abundances
V4,1.6666666666666665,172
V84,1.6666666666666665,3182
V21,1.6666666666666665,443
V20,1.6666666666666665,1
