,metric,abundances
V41,1.6666666666666665,224
V29,1.6666666666666665,32
V33,1.6666666666666665,4623
V3,1.6666666666666665,43
