,metric,abundances
V9,0.8,42
V30,0.8,42
V13,0.8,51
V20,0.8,36
V37,0.6000000000000001,43
V25,0.6000000000000001,44
