,metric,abundances
V24,1.4000000000000001,946
V28,1.2000000000000002,1
V12,1.2000000000000002,1
V26,1.2000000000000002,1600
V20,1.2000000000000002,21
V11,0.6000000000000001,1133
