,metric,abundances
V20,1.4000000000000001,1596
V30,1.4000000000000001,120
V37,1.4000000000000001,109
V9,1.4000000000000001,110
V24,1.4000000000000001,109
V25,1.4000000000000001,110
