,metric,abundances
V6,1.3333333333333333,1434
V100,1.3333333333333333,5984
V52,1.0,4
V12,1.0,8
