,metric,abundances
V26,1.6666666666666665,7
V10,1.6666666666666665,9769
V16,1.6666666666666665,77
V46,1.6666666666666665,31
