,metric,abundances
V37,1.3333333333333333,43
V24,1.3333333333333333,60
V9,1.0,45
V20,1.0,60
