,metric,abundances
V13,1.6666666666666665,270
V6,1.6666666666666665,1
V19,1.6666666666666665,81
V24,1.6666666666666665,9112
