,metric,abundances
megahit_550621,0.3346852693056457,300
megahit_468697,0.33241401687216093,240
megahit_929173,0.3319273199221285,269
megahit_2032840,0.3319273199221285,150
megahit_420679,0.331765087605451,76
megahit_1965103,0.331765087605451,192
megahit_1720648,0.33144062297209603,226
megahit_3358690,0.33127839065541853,277
megahit_264070,0.33046722907203113,101
megahit_3000823,0.3299805321219987,322
