,metric,abundances
V67,1.6666666666666665,8
V62,1.6666666666666665,3
V42,1.6666666666666665,3550
V33,1.6666666666666665,57
