,metric,abundances
V27,1.6666666666666665,64
V18,1.6666666666666665,11
V35,1.6666666666666665,8
V46,1.6666666666666665,1254
