,metric,abundances
V14,1.6666666666666665,1838
V47,1.6666666666666665,65
V38,1.6666666666666665,1850
V27,1.6666666666666665,366
