,metric,abundances
V27,1.6666666666666665,3252
V34,1.6666666666666665,1961
V32,1.6666666666666665,9
V17,1.6666666666666665,291
