,metric,abundances
V7,1.6666666666666665,757
V44,1.6666666666666665,1
V38,1.6666666666666665,4
V4,1.6666666666666665,5406
