,metric,abundances
V7,1.6666666666666665,31
V17,1.6666666666666665,24
V20,1.6666666666666665,90
V19,1.6666666666666665,95
