,metric,abundances
V37,1.3333333333333333,57
V13,1.3333333333333333,34
V24,1.3333333333333333,36
V30,1.3333333333333333,50
V25,1.3333333333333333,43
V9,1.3333333333333333,52
V20,1.3333333333333333,58
