,metric,abundances
V24,1.4000000000000001,60
V30,1.4000000000000001,66
V9,1.4000000000000001,48
V13,1.4000000000000001,48
V37,1.4000000000000001,39
V25,1.4000000000000001,50
