,metric,abundances
V19,1.1428571428571428,400
V15,1.1428571428571428,23
V29,1.1428571428571428,5
V9,1.1428571428571428,2
V13,1.0,2
V10,0.8571428571428571,8056
V4,0.8571428571428571,16
V17,0.42857142857142855,7518
