,metric,abundances
V10,1.4000000000000001,6
V58,1.2000000000000002,36
V44,1.2000000000000002,153
V29,1.2000000000000002,46
V80,1.2000000000000002,1
V95,0.6000000000000001,5007
