,metric,abundances
V51,1.4000000000000001,1
V55,1.4000000000000001,1
V91,1.4000000000000001,476
V7,1.4000000000000001,3
V95,1.4000000000000001,508
V1,1.4000000000000001,66
