,metric,abundances
megahit_566092,0.4458144062297209,3162
megahit_2133670,0.43007787151200516,2361
megahit_2227915,0.42910447761194026,1024
megahit_3085420,0.426995457495133,1870
megahit_3050782,0.4268332251784555,2256
megahit_2268436,0.42634652822842306,1594
megahit_2563372,0.42391304347826086,14614
megahit_2637592,0.42358857884490586,13737
megahit_1808341,0.4231018818948734,568
megahit_1216747,0.42261518494484096,3536
megahit_2944840,0.42261518494484096,1974
