,metric,abundances
V4,1.6666666666666665,508
V25,1.6666666666666665,2
V7,1.6666666666666665,1
V14,1.6666666666666665,480
