,metric,abundances
V37,1.6666666666666665,36
V20,1.6666666666666665,56
V24,1.3333333333333333,49
V9,1.3333333333333333,44
