,metric,abundances
V19,1.0,22
V33,0.8571428571428571,7
V4,0.8571428571428571,554
V48,0.8571428571428571,465
V28,0.8571428571428571,4
V40,0.5714285714285714,1
V27,0.5714285714285714,5007
V1,0.42857142857142855,8595
