,metric,abundances
V99,1.6666666666666665,10
V18,1.6666666666666665,561
V93,1.6666666666666665,33
V94,1.6666666666666665,5674
