,metric,abundances
V26,1.6666666666666665,85
V4,1.6666666666666665,15
V11,1.6666666666666665,1621
V10,1.6666666666666665,55
