,metric,abundances
V70,1.4000000000000001,1
V36,1.4000000000000001,3052
V53,1.4000000000000001,47
V44,1.4000000000000001,409
V5,1.4000000000000001,1
V24,1.4000000000000001,423
