,metric,abundances
V12,1.6666666666666665,253
V7,1.6666666666666665,686
V5,1.3333333333333333,20
V15,1.3333333333333333,135
