,metric,abundances
V93,1.6666666666666665,71
V5,1.6666666666666665,20
V81,1.6666666666666665,1289
V2,1.6666666666666665,3447
