,metric,abundances
V23,1.6666666666666665,2
V48,1.6666666666666665,1
V22,1.6666666666666665,144
V39,1.6666666666666665,5
