,metric,abundances
V5,1.3333333333333333,414
V3,0.8333333333333333,2762
V35,0.8333333333333333,58
V44,0.8333333333333333,499
V41,0.8333333333333333,136
V1,0.8333333333333333,3
V34,0.8333333333333333,1003
