,metric,abundances
V6,1.6666666666666665,76
V9,1.3333333333333333,76
V29,1.3333333333333333,81
V27,1.0,6080
