,metric,abundances
V30,1.3333333333333333,489
V17,1.3333333333333333,366
V8,1.0,9061
V82,1.0,9621
