,metric,abundances
V30,1.3333333333333333,264
V16,1.3333333333333333,4786
V98,1.0,6592
V97,1.0,6381
