,metric,abundances
V25,0.8888888888888888,2
V12,0.8888888888888888,2
V36,0.7777777777777777,4
V42,0.7222222222222222,24
V7,0.7222222222222222,4218
V34,0.7222222222222222,29
V39,0.6666666666666666,6
V38,0.6666666666666666,1
V50,0.6666666666666666,17
V4,0.6666666666666666,1
V5,0.6666666666666666,25
