,metric,abundances
V30,1.4000000000000001,64
V37,1.4000000000000001,43
V25,1.4000000000000001,54
V13,1.4000000000000001,56
V9,1.4000000000000001,41
V24,1.4000000000000001,42
