,metric,abundances
V24,1.4000000000000001,2
V5,1.4000000000000001,3
V33,1.4000000000000001,6
V9,1.4000000000000001,1
V37,1.4000000000000001,2
V43,1.4000000000000001,1
