,metric,abundances
V6,1.6666666666666665,64
V9,1.6666666666666665,60
V29,1.3333333333333333,54
V20,1.3333333333333333,5217
