,metric,abundances
V15,1.6666666666666665,16162
V18,1.3333333333333333,11
V8,1.3333333333333333,33
V38,1.0,99
