,metric,abundances
V49,1.2857142857142856,39
V46,1.0,51
V56,1.0,49
V74,1.0,38
V75,0.8571428571428571,35
V61,0.7142857142857142,40
V39,0.5714285714285714,36
V96,0.42857142857142855,37
