,metric,abundances
V44,1.3333333333333333,6803
V20,1.3333333333333333,510
V5,1.0,4170
V13,1.0,57
