,metric,abundances
V14,1.6666666666666665,61
V20,1.6666666666666665,175
V12,1.3333333333333333,8235
V22,1.3333333333333333,3
