,metric,abundances
V9,1.4000000000000001,1
V41,1.4000000000000001,2
V77,1.4000000000000001,1
V43,1.4000000000000001,2419
V18,1.4000000000000001,5
V32,1.4000000000000001,3
