,metric,abundances
V38,1.6666666666666665,4
V7,1.6666666666666665,757
V4,1.6666666666666665,5406
V44,1.6666666666666665,1
