,metric,abundances
V39,1.1111111111111112,28
V44,0.8888888888888888,2
V41,0.7777777777777777,13
V42,0.7777777777777777,10
V36,0.7777777777777777,26
V11,0.7777777777777777,17
V6,0.5555555555555556,27
V17,0.5555555555555556,5
V12,0.5555555555555556,12
V2,0.3333333333333333,39
