,metric,abundances
V17,1.6666666666666665,3338
V6,1.6666666666666665,58
V29,1.6666666666666665,64
V9,1.6666666666666665,68
