,metric,abundances
V12,0.8181818181818182,4
V41,0.7272727272727273,5
V3,0.7272727272727273,70
V16,0.6363636363636364,41
V2,0.5454545454545454,40
V39,0.5454545454545454,2
V35,0.5454545454545454,47
V17,0.5454545454545454,2432
V50,0.5454545454545454,6
V43,0.4545454545454546,8840
