,metric,abundances
V33,1.6666666666666665,1
V54,1.6666666666666665,1
V63,1.6666666666666665,12513
V36,1.6666666666666665,278
