,metric,abundances
V48,1.3333333333333333,187
V49,1.3333333333333333,1
V43,1.3333333333333333,211
V2,1.3333333333333333,5
V6,1.3333333333333333,21
V44,1.3333333333333333,538
V8,1.3333333333333333,483
