,metric,abundances
V25,1.3333333333333333,38
V37,1.3333333333333333,34
V9,1.0,34
V28,1.0,10145
