,metric,abundances
V15,1.3333333333333333,13779
V25,1.3333333333333333,1
V18,1.0,25
V26,1.0,581
