,metric,abundances
V13,1.3333333333333333,46
V30,1.3333333333333333,40
V24,1.3333333333333333,56
V20,1.3333333333333333,44
V37,1.1666666666666665,45
V25,1.1666666666666665,45
V9,1.0,46
