,metric,abundances
megahit_2236144,0.31153658932338146,175
megahit_2574079,0.3110498134025637,228
megahit_3415153,0.30910270971929255,218
megahit_1392913,0.3078046405971118,76
megahit_1768261,0.30699334739574885,92
megahit_1210378,0.30569527827356807,147
megahit_3311515,0.3048839850722051,863
megahit_2920009,0.3047217264319325,83
megahit_3096841,0.3027746227486614,142
megahit_420679,0.3022878468278436,76
