,metric,abundances
V48,1.6666666666666665,26
V5,1.6666666666666665,204
V17,1.6666666666666665,571
V6,1.6666666666666665,4078
