,metric,abundances
V3,1.6666666666666665,201
V14,1.3333333333333333,44
V23,1.3333333333333333,98
V7,1.0,106
