,metric,abundances
V15,1.6666666666666665,1176
V14,1.6666666666666665,3308
V27,1.6666666666666665,3
V12,1.6666666666666665,58
