,metric,abundances
V16,1.6666666666666665,1
V49,1.6666666666666665,87
V47,1.6666666666666665,42
V46,1.6666666666666665,9341
