,metric,abundances
V30,1.3333333333333333,31
V13,1.3333333333333333,27
V25,1.0,39
V14,1.0,7579
