,metric,abundances
V9,1.6666666666666665,60
V6,1.6666666666666665,69
V29,1.6666666666666665,59
V18,1.6666666666666665,3435
