,metric,abundances
V24,1.3333333333333333,82
V20,1.3333333333333333,84
V25,1.3333333333333333,73
V37,1.3333333333333333,86
V3,1.3333333333333333,6301
V9,1.3333333333333333,90
V30,1.3333333333333333,77
