,metric,abundances
V93,1.6666666666666665,9081
V36,1.3333333333333333,25
V80,1.3333333333333333,729
V81,1.0,92
