,metric,abundances
V12,1.6666666666666665,8588
V4,1.6666666666666665,1
V7,1.6666666666666665,12
V17,1.6666666666666665,18
