,metric,abundances
V25,1.6666666666666665,14
V21,1.6666666666666665,20
V19,1.6666666666666665,2922
V22,1.6666666666666665,51
