,metric,abundances
V25,1.6666666666666665,239
V4,1.6666666666666665,1
V19,1.6666666666666665,88
V5,1.6666666666666665,35
