,metric,abundances
V9,1.4000000000000001,92
V25,1.2000000000000002,117
V30,1.2000000000000002,97
V24,1.2000000000000002,120
V37,1.2000000000000002,122
V38,0.6000000000000001,8299
