,metric,abundances
V13,1.3333333333333333,96
V37,1.3333333333333333,41
V9,1.0,37
V40,1.0,9426
