,metric,abundances
V20,1.3333333333333333,510
V44,1.3333333333333333,6803
V13,1.0,57
V5,1.0,4170
