,metric,abundances
V93,1.6666666666666665,144
V92,1.3333333333333333,681
V22,1.3333333333333333,221
V95,1.0,550
