,metric,abundances
V6,1.3333333333333333,43
V29,1.3333333333333333,54
V9,1.0,37
V26,1.0,11232
