,metric,abundances
V20,1.6666666666666665,1
V60,1.6666666666666665,13
V26,1.6666666666666665,12535
V72,1.6666666666666665,3
