,metric,abundances
V25,1.4000000000000001,58
V24,1.4000000000000001,67
V37,1.4000000000000001,58
V13,1.4000000000000001,47
V30,1.4000000000000001,43
V9,1.4000000000000001,52
