,metric,abundances
V16,1.3333333333333333,3
V2,1.3333333333333333,3
V73,1.3333333333333333,4522
V43,1.3333333333333333,705
V33,1.3333333333333333,2
V72,1.3333333333333333,28
V54,1.3333333333333333,2
