,metric,abundances
V21,1.6666666666666665,186
V22,1.3333333333333333,3
V32,1.3333333333333333,4901
V10,1.0,266
