,metric,abundances
V43,1.4000000000000001,24
V35,1.4000000000000001,3
V3,1.4000000000000001,1
V22,1.4000000000000001,1
V6,1.4000000000000001,1
V28,1.4000000000000001,397
