,metric,abundances
V7,1.3333333333333333,8420
V11,1.3333333333333333,2717
V4,1.0,3749
V27,1.0,1767
