,metric,abundances
V26,1.6666666666666665,587
V25,1.6666666666666665,2
V93,1.6666666666666665,1
V73,1.6666666666666665,4418
