,metric,abundances
V40,1.6666666666666665,2
V14,1.6666666666666665,2423
V50,1.6666666666666665,1
V19,1.6666666666666665,2292
