,metric,abundances
V35,0.6666666666666666,4
V42,0.6666666666666666,12
V48,0.6666666666666666,11
V44,0.5555555555555556,56
V18,0.5555555555555556,89
V23,0.5555555555555556,6233
V36,0.5555555555555556,1264
V1,0.5555555555555556,392
V19,0.4444444444444444,12396
V5,0.3333333333333333,1359
