,metric,abundances
V20,0.8333333333333333,5
V27,0.6666666666666666,11
V24,0.6666666666666666,920
V26,0.6666666666666666,3
V9,0.6666666666666666,1
V5,0.6666666666666666,152
V10,0.5,14902
