,metric,abundances
V63,1.3333333333333333,65
V64,1.3333333333333333,62
V83,1.3333333333333333,1369
V55,1.3333333333333333,63
V33,1.3333333333333333,1468
V10,1.3333333333333333,459
V79,1.3333333333333333,12
