,metric,abundances
V30,1.4000000000000001,45
V13,1.4000000000000001,53
V25,1.4000000000000001,51
V9,1.4000000000000001,61
V37,1.4000000000000001,59
V24,1.4000000000000001,49
