,metric,abundances
V59,1.6666666666666665,25
V52,1.6666666666666665,13550
V12,1.6666666666666665,28
V6,1.6666666666666665,1
