,metric,abundances
V29,1.6666666666666665,122
V6,1.6666666666666665,97
V9,1.6666666666666665,100
V13,1.6666666666666665,8923
