,metric,abundances
V29,1.6666666666666665,48
V25,1.3333333333333333,8136
V6,1.3333333333333333,34
V9,1.0,35
