,metric,abundances
V98,1.6666666666666665,9542
V53,1.3333333333333333,242
V68,1.3333333333333333,209
V6,1.0,6
