,metric,abundances
V4,1.0833333333333333,6
V11,0.9166666666666666,37
V26,0.8333333333333333,4
V22,0.75,5
V13,0.75,5
V2,0.75,196
V28,0.75,15
V10,0.75,84
V7,0.75,68
V24,0.6666666666666666,7
