,metric,abundances
V92,1.3333333333333333,3
V36,1.1666666666666665,5
V73,1.1666666666666665,67
V53,1.1666666666666665,25
V22,1.1666666666666665,3
V28,1.1666666666666665,4179
V21,0.5,165
