,metric,abundances
V68,1.6666666666666665,70
V59,1.6666666666666665,1
V24,1.6666666666666665,18
V54,1.6666666666666665,748
