,metric,abundances
V54,1.3333333333333333,569
V9,1.3333333333333333,4
V16,1.0,8
V89,1.0,9759
