,metric,abundances
V9,1.6666666666666665,35
V6,1.6666666666666665,44
V29,1.6666666666666665,43
V8,1.6666666666666665,10266
