,metric,abundances
megahit_2893366,0.31635651322233105,263
megahit_590713,0.31635651322233105,547
megahit_2655517,0.31603003591250406,406
megahit_3546505,0.3140711720535423,403
megahit_2881681,0.3112961149200131,132
megahit_3250936,0.31047992164544563,108
megahit_1451119,0.31015344433561864,86
megahit_1100686,0.3098269670257917,337
megahit_1565308,0.30901077375122427,1013
megahit_774373,0.30901077375122427,953
megahit_827488,0.30901077375122427,138
