,metric,abundances
V8,1.6666666666666665,10424
V36,1.3333333333333333,1
V26,1.3333333333333333,1349
V46,1.0,33
