,metric,abundances
V27,1.6666666666666665,11
V12,1.6666666666666665,151
V14,1.6666666666666665,135
V4,1.6666666666666665,162
