,metric,abundances
V20,1.6666666666666665,4
V21,1.6666666666666665,1309
V6,1.6666666666666665,1
V4,1.6666666666666665,5
