,metric,abundances
V70,1.6666666666666665,440
V29,1.3333333333333333,14
V47,1.3333333333333333,4823
V27,1.0,605
