,metric,abundances
V91,1.6666666666666665,9767
V52,1.3333333333333333,3
V98,1.3333333333333333,94
V6,1.0,38
