,metric,abundances
V12,1.6666666666666665,3256
V29,1.6666666666666665,51
V6,1.6666666666666665,77
V9,1.6666666666666665,68
