,metric,abundances
megahit_3108145,0.3635684957073535,5527
megahit_835663,0.3635684957073535,886
megahit_414619,0.3635684957073535,1285
megahit_2081065,0.3635684957073535,4444
megahit_362044,0.3635684957073535,14159
megahit_1261486,0.36338185890257557,1151
megahit_96994,0.36300858529301977,1056
megahit_2446855,0.36300858529301977,523
megahit_1012990,0.36300858529301977,281
megahit_1611064,0.3620754012691303,3055
