,metric,abundances
V23,1.0,517
V11,1.0,505
V9,0.8333333333333333,343
V29,0.8333333333333333,326
V17,0.6666666666666666,768
V27,0.5,645
V28,0.5,3424
