,metric,abundances
V44,1.4000000000000001,2
V4,1.2000000000000002,47
V18,1.2000000000000002,70
V19,1.2000000000000002,11
V1,1.2000000000000002,40
V45,0.6000000000000001,1088
