,metric,abundances
V47,0.8571428571428571,1
V18,0.8571428571428571,8
V35,0.7142857142857142,9
V36,0.7142857142857142,2
V22,0.5714285714285714,2
V14,0.5714285714285714,9391
V39,0.42857142857142855,3
V11,0.42857142857142855,4
