,metric,abundances
V6,1.6666666666666665,62
V29,1.3333333333333333,56
V9,1.3333333333333333,44
V27,1.0,11298
