,metric,abundances
V6,1.6666666666666665,77
V17,1.6666666666666665,11717
V29,1.6666666666666665,106
V9,1.6666666666666665,98
