,metric,abundances
V11,1.6666666666666665,4468
V29,1.6666666666666665,202
V6,1.6666666666666665,219
V9,1.6666666666666665,214
