,metric,abundances
V22,1.3333333333333333,24
V2,1.3333333333333333,9430
V6,1.0,1
V27,1.0,292
