,metric,abundances
V2,1.3333333333333333,219
V14,1.3333333333333333,327
V25,1.3333333333333333,354
V29,1.3333333333333333,176
V8,1.3333333333333333,191
V27,1.3333333333333333,198
V9,1.3333333333333333,217
