,metric,abundances
V99,1.6666666666666665,4918
V65,1.3333333333333333,5
V29,1.3333333333333333,238
V66,1.0,2410
