,metric,abundances
V1,0.8333333333333333,9596
V41,0.8333333333333333,42
V29,0.8333333333333333,493
V22,0.8333333333333333,20
V3,0.6666666666666666,3
V12,0.5,9830
V26,0.5,87
