,metric,abundances
V34,1.6666666666666665,3908
V50,1.6666666666666665,199
V3,1.6666666666666665,36
V46,1.6666666666666665,10
