,metric,abundances
V11,1.6666666666666665,21
V17,1.6666666666666665,54
V22,1.6666666666666665,46
V19,1.6666666666666665,344
