,metric,abundances
V5,1.4000000000000001,1
V42,1.4000000000000001,1
V22,1.4000000000000001,1
V2,1.4000000000000001,9
V45,1.4000000000000001,2
V23,1.4000000000000001,1
