,metric,abundances
V26,1.6666666666666665,736
V29,1.6666666666666665,445
V6,1.6666666666666665,460
V9,1.6666666666666665,443
