,metric,abundances
V28,1.4000000000000001,2085
V33,1.4000000000000001,1
V4,1.4000000000000001,2297
V36,1.4000000000000001,308
V11,1.4000000000000001,110
V44,1.4000000000000001,58
