,metric,abundances
V24,1.4000000000000001,61
V13,1.4000000000000001,54
V25,1.4000000000000001,60
V30,1.4000000000000001,60
V9,1.4000000000000001,54
V37,1.4000000000000001,64
