,metric,abundances
V9,1.6666666666666665,199
V6,1.6666666666666665,193
V29,1.6666666666666665,183
V22,1.6666666666666665,3399
