,metric,abundances
V23,1.6666666666666665,1
V3,1.6666666666666665,3
V10,1.6666666666666665,1049
V47,1.6666666666666665,2
