,metric,abundances
V59,1.6666666666666665,5
V16,1.3333333333333333,10
V38,1.3333333333333333,4453
V71,1.0,788
