,metric,abundances
V46,1.2857142857142856,13
V18,1.1428571428571428,44
V1,0.8571428571428571,1
V49,0.8571428571428571,1
V28,0.8571428571428571,10
V8,0.8571428571428571,34
V2,0.8571428571428571,85
V48,0.7142857142857142,1306
