,metric,abundances
V50,0.8571428571428571,616
V26,0.8571428571428571,2
V48,0.7142857142857142,2533
V34,0.7142857142857142,895
V43,0.5714285714285714,2
V33,0.5714285714285714,2
V10,0.42857142857142855,2269
V4,0.42857142857142855,5653
