,metric,abundances
V25,1.4000000000000001,75
V30,1.2000000000000002,83
V37,1.2000000000000002,64
V24,1.2000000000000002,77
V9,1.2000000000000002,70
V15,0.6000000000000001,14324
