,metric,abundances
V50,1.2857142857142856,2
V13,1.1428571428571428,1
V20,1.1428571428571428,2071
V98,1.1428571428571428,204
V64,1.1428571428571428,5
V55,1.1428571428571428,2
V14,1.1428571428571428,2
V99,0.42857142857142855,4997
