,metric,abundances
V2,1.6666666666666665,1333
V4,1.6666666666666665,3611
V33,1.6666666666666665,2
V40,1.6666666666666665,58
