,metric,abundances
V15,1.6666666666666665,1
V11,1.6666666666666665,22
V17,1.6666666666666665,86
V25,1.6666666666666665,471
