,metric,abundances
V37,1.4000000000000001,49
V13,1.2000000000000002,42
V9,1.2000000000000002,42
V24,1.0,31
V25,1.0,44
V30,0.6000000000000001,52
