,metric,abundances
V2,1.4000000000000001,9
V42,1.4000000000000001,1
V45,1.4000000000000001,2
V22,1.4000000000000001,1
V23,1.4000000000000001,1
V5,1.4000000000000001,1
