,metric,abundances
V37,1.4000000000000001,58
V9,1.4000000000000001,52
V25,1.4000000000000001,58
V13,1.4000000000000001,47
V30,1.4000000000000001,43
V24,1.4000000000000001,67
