,metric,abundances
V8,1.6666666666666665,2
V4,1.3333333333333333,4
V14,1.3333333333333333,2
V26,1.0,13807
