,metric,abundances
V25,1.0,45
V24,1.0,38
V9,1.0,38
V13,0.8333333333333333,42
V30,0.6666666666666666,43
V20,0.6666666666666666,36
V37,0.5,39
