,metric,abundances
V2,1.6666666666666665,113
V38,1.6666666666666665,40
V6,1.6666666666666665,1
V28,1.6666666666666665,9
