,metric,abundances
V20,1.6666666666666665,8
V8,1.3333333333333333,1354
V4,1.3333333333333333,7
V24,1.0,1806
