,metric,abundances
megahit_2920009,0.26099659146242493,83
megahit_1768261,0.2532056484336958,92
megahit_2574079,0.24752475247524752,228
megahit_1789066,0.247362441162149,1053
megahit_1213354,0.2467131959097549,644
megahit_2236144,0.2465508845966564,175
megahit_3018502,0.24638857328355787,658
megahit_878698,0.2454147054049667,3438
megahit_1328419,0.2452523940918682,61
megahit_920992,0.2452523940918682,1070
megahit_3054442,0.2452523940918682,4293
megahit_3173320,0.2452523940918682,426
