,metric,abundances
V12,1.6666666666666665,2
V17,1.3333333333333333,117
V25,1.3333333333333333,2262
V21,1.0,45
