,metric,abundances
V34,1.6666666666666665,18
V7,1.6666666666666665,445
V36,1.6666666666666665,2
V3,1.6666666666666665,8166
