,metric,abundances
V12,1.6666666666666665,6141
V1,1.3333333333333333,1101
V14,1.3333333333333333,2157
V23,1.0,955
