,metric,abundances
megahit_1884559,0.3391500140726147,204
megahit_2440717,0.3388685617787785,175
megahit_964462,0.3388685617787785,118
megahit_1155943,0.3385871094849423,244
megahit_2559955,0.3377427526034337,322
megahit_2954026,0.3377427526034337,206
megahit_151489,0.3377427526034337,184
megahit_2753680,0.33717984801576134,195
megahit_161602,0.33717984801576134,208
megahit_3440035,0.33717984801576134,111
