,metric,abundances
V13,1.4000000000000001,54
V9,1.4000000000000001,54
V30,1.4000000000000001,60
V37,1.4000000000000001,64
V24,1.4000000000000001,61
V25,1.4000000000000001,60
