,metric,abundances
V26,1.6666666666666665,1264
V28,1.6666666666666665,464
V52,1.3333333333333333,10693
V98,1.3333333333333333,25
