,metric,abundances
V9,1.6666666666666665,53
V17,1.6666666666666665,8751
V29,1.6666666666666665,53
V6,1.6666666666666665,58
