,metric,abundances
V12,1.6666666666666665,16
V99,1.3333333333333333,2531
V28,1.3333333333333333,2464
V87,1.0,4987
