,metric,abundances
V29,1.6666666666666665,78
V9,1.6666666666666665,95
V6,1.3333333333333333,102
V12,1.3333333333333333,8047
