,metric,abundances
V29,1.6666666666666665,8128
V8,1.3333333333333333,3
V47,1.3333333333333333,559
V36,1.0,1298
