,metric,abundances
V45,1.6666666666666665,2690
V75,1.3333333333333333,12
V94,1.3333333333333333,3160
V11,1.0,4677
