,metric,abundances
V1,1.6666666666666665,3
V5,1.6666666666666665,14900
V28,1.6666666666666665,2
V19,1.6666666666666665,36
