,metric,abundances
V47,1.6666666666666665,1165
V35,1.3333333333333333,4343
V36,1.3333333333333333,85
V64,1.0,4515
