,metric,abundances
V25,1.4000000000000001,46
V30,1.4000000000000001,64
V37,1.4000000000000001,50
V5,1.4000000000000001,7492
V24,1.4000000000000001,61
V9,1.4000000000000001,45
