,metric,abundances
V7,1.6666666666666665,7743
V97,1.3333333333333333,18
V90,1.3333333333333333,453
V79,1.0,12
