,metric,abundances
V66,1.6666666666666665,264
V80,1.6666666666666665,1
V40,1.6666666666666665,11
V86,1.6666666666666665,1
