,metric,abundances
V9,1.3333333333333333,41
V37,1.3333333333333333,33
V13,0.8333333333333333,39
V23,0.8333333333333333,4772
V24,0.6666666666666666,39
V30,0.6666666666666666,44
V20,0.6666666666666666,36
