,metric,abundances
V29,1.6666666666666665,33
V6,1.3333333333333333,47
V9,1.3333333333333333,41
V4,1.0,11827
