,metric,abundances
V5,1.1666666666666665,250
V28,1.0,1
V40,1.0,7
V49,1.0,2
V7,1.0,3371
V46,0.6666666666666666,100
V36,0.5,9774
