,metric,abundances
V21,1.6666666666666665,2
V11,1.3333333333333333,34
V13,1.3333333333333333,193
V16,1.0,2510
