,metric,abundances
V40,1.6666666666666665,497
V41,1.6666666666666665,476
V11,1.3333333333333333,150
V17,1.3333333333333333,8482
