,metric,abundances
V11,1.6666666666666665,5
V24,1.6666666666666665,5
V25,1.6666666666666665,7
V9,1.6666666666666665,1
