,metric,abundances
V39,1.6666666666666665,5
V22,1.6666666666666665,144
V23,1.6666666666666665,2
V48,1.6666666666666665,1
