,metric,abundances
V43,1.3333333333333333,211
V49,1.3333333333333333,1
V48,1.3333333333333333,187
V6,1.3333333333333333,21
V8,1.3333333333333333,483
V2,1.3333333333333333,5
V44,1.3333333333333333,538
