,metric,abundances
V9,1.4000000000000001,41
V13,1.4000000000000001,56
V24,1.4000000000000001,42
V30,1.4000000000000001,64
V37,1.4000000000000001,43
V25,1.4000000000000001,54
