,metric,abundances
megahit_1704658,0.34955601092896177,1602
megahit_2454715,0.3483606557377049,1124
megahit_1210519,0.3480191256830601,3507
megahit_2484853,0.34716530054644806,7830
megahit_1178171,0.3468237704918033,1248
megahit_3200909,0.3468237704918033,854
megahit_2056606,0.3464822404371585,2373
megahit_2774171,0.34596994535519127,1817
megahit_1223866,0.34511612021857924,245
megahit_573167,0.34511612021857924,2103
