,metric,abundances
V6,1.6666666666666665,486
V9,1.3333333333333333,190
V29,1.3333333333333333,226
V27,1.0,8230
