,metric,abundances
V43,1.1666666666666665,102
V6,1.0,56
V91,1.0,36
V79,1.0,1356
V7,1.0,547
V55,0.6666666666666666,111
V70,0.5,533
