,metric,abundances
V30,1.4000000000000001,114
V24,1.4000000000000001,113
V25,1.4000000000000001,121
V37,1.4000000000000001,110
V9,1.4000000000000001,132
V13,1.4000000000000001,119
