,metric,abundances
V10,1.6666666666666665,411
V40,1.6666666666666665,1
V41,1.6666666666666665,2
V18,1.6666666666666665,51
