,metric,abundances
megahit_1200253,0.6651524983776768,1092
megahit_1897738,0.6503893575600259,3171
megahit_610033,0.6466580142764439,204
megahit_2013094,0.6442245295262816,332
megahit_1317643,0.6440622972096041,693
megahit_2806780,0.6440622972096041,1286
megahit_1440202,0.6430889033095393,3601
megahit_1637806,0.640655418559377,7650
megahit_196573,0.640655418559377,681
megahit_1601965,0.6382219338092148,981
megahit_1823047,0.6382219338092148,1066
