,metric,abundances
V64,1.6666666666666665,23
V20,1.6666666666666665,596
V24,1.6666666666666665,29
V97,1.6666666666666665,34
