,metric,abundances
V13,1.4000000000000001,1
V44,1.4000000000000001,1
V43,1.4000000000000001,4320
V95,1.4000000000000001,1
V25,1.4000000000000001,3
V48,1.4000000000000001,4
