,metric,abundances
V20,1.6666666666666665,344
V9,1.3333333333333333,202
V6,1.3333333333333333,241
V2,1.0,13263
