,metric,abundances
megahit_51385,0.592761656341702,5680
megahit_656275,0.5800456472122595,11881
megahit_681418,0.5800456472122595,850
megahit_3265639,0.5784153896315618,559
megahit_532249,0.5779263123573525,2354
megahit_1209995,0.5696119986957939,384
megahit_440428,0.5661884577763286,3199
megahit_1200253,0.5645582001956309,1092
megahit_184318,0.5630909683730029,296
megahit_2863465,0.5588522986631888,283
