,metric,abundances
V11,1.6666666666666665,1324
V16,1.6666666666666665,5
V17,1.6666666666666665,2720
V44,1.6666666666666665,1
