,metric,abundances
V80,1.3333333333333333,63
V58,1.3333333333333333,2
V21,1.0,5067
V19,1.0,15975
