,metric,abundances
V9,1.6666666666666665,4920
V10,1.6666666666666665,4784
V4,1.6666666666666665,4847
V7,1.6666666666666665,4798
