,metric,abundances
V2,1.4000000000000001,4562
V16,1.2000000000000002,15
V32,1.2000000000000002,2
V100,1.2000000000000002,36
V81,1.2000000000000002,2091
V84,0.6000000000000001,1
