,metric,abundances
V6,1.6666666666666665,2
V3,1.3333333333333333,1
V22,1.3333333333333333,4
V26,1.0,1825
