,metric,abundances
V20,1.6666666666666665,8839
V12,1.3333333333333333,59
V15,1.3333333333333333,67
V10,1.0,15
