,metric,abundances
V25,1.4000000000000001,121
V24,1.4000000000000001,113
V37,1.4000000000000001,110
V13,1.4000000000000001,119
V30,1.4000000000000001,114
V9,1.4000000000000001,132
