,metric,abundances
V5,1.6666666666666665,1345
V49,1.6666666666666665,7
V11,1.6666666666666665,6
V15,1.6666666666666665,3566
