,metric,abundances
V17,1.3333333333333333,21
V8,1.1666666666666665,128
V4,1.1666666666666665,8
V27,1.1666666666666665,14
V6,1.1666666666666665,2
V11,1.1666666666666665,2369
V19,0.5,578
