,metric,abundances
V45,1.6666666666666665,4
V77,1.6666666666666665,51
V24,1.6666666666666665,2
V100,1.6666666666666665,4945
