,metric,abundances
V93,1.6666666666666665,8631
V47,1.6666666666666665,7
V60,1.6666666666666665,1
V45,1.6666666666666665,1
