,metric,abundances
V25,1.2000000000000002,43
V30,1.2000000000000002,46
V24,1.2000000000000002,50
V37,1.2000000000000002,52
V38,0.8,5152
V9,0.8,54
