,metric,abundances
V3,1.6666666666666665,36
V34,1.6666666666666665,3908
V46,1.6666666666666665,10
V50,1.6666666666666665,199
