,metric,abundances
V5,1.6666666666666665,204
V6,1.6666666666666665,4078
V48,1.6666666666666665,26
V17,1.6666666666666665,571
