,metric,abundances
V83,1.6666666666666665,7
V72,1.6666666666666665,29
V27,1.6666666666666665,70
V43,1.6666666666666665,4272
