,metric,abundances
V29,1.6666666666666665,73
V6,1.6666666666666665,68
V10,1.6666666666666665,1893
V9,1.6666666666666665,80
