,metric,abundances
V37,1.2000000000000002,136
V24,1.2000000000000002,153
V44,1.2000000000000002,116
V7,1.2000000000000002,200
V10,1.2000000000000002,129
V46,1.2000000000000002,146
V43,1.2000000000000002,130
V45,1.2000000000000002,137
V25,1.2000000000000002,139
V11,1.2000000000000002,139
V9,1.2000000000000002,156
