,metric,abundances
V25,1.6666666666666665,1
V99,1.6666666666666665,7
V51,1.6666666666666665,14
V19,1.6666666666666665,2387
