,metric,abundances
V23,1.3333333333333333,7
V36,1.3333333333333333,1
V35,1.3333333333333333,10
V39,1.3333333333333333,1
V3,1.3333333333333333,451
V28,1.3333333333333333,3
V43,1.3333333333333333,3
