,metric,abundances
V32,1.6666666666666665,2781
V22,1.6666666666666665,2
V12,1.6666666666666665,996
V28,1.6666666666666665,1082
