,metric,abundances
V10,1.6666666666666665,2
V4,1.6666666666666665,47
V20,1.6666666666666665,29
V12,1.6666666666666665,76
