,metric,abundances
V19,1.6666666666666665,18
V15,1.6666666666666665,1
V27,1.3333333333333333,10
V8,1.3333333333333333,8345
