,metric,abundances
V6,1.6666666666666665,92
V9,1.6666666666666665,69
V29,1.6666666666666665,80
V21,1.6666666666666665,2621
