,metric,abundances
V16,1.6666666666666665,1
V4,1.6666666666666665,2
V42,1.3333333333333333,4782
V11,1.3333333333333333,6
