,metric,abundances
V14,1.6666666666666665,994
V49,1.3333333333333333,498
V28,1.3333333333333333,70
V13,1.0,7611
