,metric,abundances
V2,1.6666666666666665,8128
V25,1.3333333333333333,67
V14,1.3333333333333333,10
V20,1.0,229
