,metric,abundances
V68,1.6666666666666665,2032
V7,1.6666666666666665,2018
V14,1.6666666666666665,280
V51,1.6666666666666665,3
