,metric,abundances
V84,0.8,242
V38,0.8,899
V86,0.8,37
V20,0.8,6974
V7,0.6000000000000001,19166
V33,0.6000000000000001,672
