,metric,abundances
V43,0.8571428571428571,4243
V33,0.8571428571428571,2628
V28,0.7142857142857142,4
V14,0.7142857142857142,9
V36,0.7142857142857142,31
V6,0.5714285714285714,12578
V5,0.5714285714285714,82
V22,0.42857142857142855,2293
