,metric,abundances
V13,1.3333333333333333,27
V30,1.3333333333333333,31
V14,1.0,7579
V25,1.0,39
