,metric,abundances
V19,1.6666666666666665,684
V34,1.6666666666666665,1
V23,1.6666666666666665,1
V16,1.6666666666666665,1
