,metric,abundances
V7,1.3333333333333333,5
V35,0.8333333333333333,9959
V10,0.8333333333333333,1
V5,0.8333333333333333,546
V11,0.8333333333333333,71
V38,0.8333333333333333,8
V34,0.8333333333333333,25
