,metric,abundances
V12,1.4000000000000001,40
V16,1.4000000000000001,40
V24,1.4000000000000001,43
V9,1.4000000000000001,51
V15,1.4000000000000001,47
V4,1.4000000000000001,42
