,metric,abundances
V9,1.0833333333333333,5
V36,1.0833333333333333,8
V16,1.0833333333333333,19
V30,1.0,11
V37,1.0,7
V45,1.0,348
V50,1.0,6
V25,1.0,10
V43,1.0,21
V24,1.0,6
V35,1.0,10
