,metric,abundances
V29,1.6666666666666665,65
V6,1.6666666666666665,62
V27,1.3333333333333333,4333
V9,1.3333333333333333,67
