,metric,abundances
V35,1.6666666666666665,12
V1,1.6666666666666665,2321
V50,1.6666666666666665,121
V32,1.6666666666666665,5349
