,metric,abundances
V37,1.2000000000000002,43
V24,1.0,50
V13,1.0,42
V9,1.0,45
V25,0.8,46
V30,0.6000000000000001,45
