,metric,abundances
V40,1.4000000000000001,4
V26,1.4000000000000001,1
V29,1.4000000000000001,4056
V14,1.4000000000000001,152
V23,1.4000000000000001,8
V36,1.4000000000000001,1
