,metric,abundances
V21,1.6666666666666665,413
V44,1.6666666666666665,5
V55,1.6666666666666665,4715
V26,1.6666666666666665,17
