,metric,abundances
V5,1.6666666666666665,105
V18,1.6666666666666665,14
V14,1.6666666666666665,1
V27,1.6666666666666665,15063
